Time,Position1,Position2,,,,,,,,,,,,,,,,,
0,0,0,,,,,,,,,,,,,,,,,
0.05,0,7.50E-05,,,,,,,,,,,,,,,,,
0.1,-7.50E-05,7.50E-05,,,,,,,,,,,,,,,,,
0.15,-1.50E-04,7.50E-05,,,,,,,,,,,,,,,,,
0.2,-2.25E-04,7.50E-05,,,,,,,,,,,,,,,,,
0.25,-3.00E-04,7.50E-05,,,,,,,,,,,,,,,,,
0.3,-4.50E-04,1.50E-04,,,,,,,,,,,,,,,,,
0.35,-5.25E-04,1.50E-04,,,,,,,,,,,,,,,,,
0.4,-6.75E-04,1.50E-04,,,,,,,,,,,,,,,,,
0.45,-8.25E-04,1.50E-04,,,,,,,,,,,,,,,,,
0.5,-9.75E-04,1.50E-04,,,,,,,,,,,,,,,,,
0.55,-9.75E-04,1.50E-04,,,,,,,,,,,,,,,,,
0.6,-9.00E-04,1.50E-04,,,,,,,,,,,,,,,,,
0.65,-7.50E-04,1.50E-04,,,,,,,,,,,,,,,,,
0.7,-6.75E-04,1.50E-04,,,,,,,,,,,,,,,,,
0.75,-5.25E-04,1.50E-04,,,,,,,,,,,,,,,,,
0.8,-3.75E-04,1.50E-04,,,,,,,,,,,,,,,,,
0.85,-3.00E-04,1.50E-04,,,,,,,,,,,,,,,,,
0.9,-1.50E-04,1.50E-04,,,,,,,,,,,,,,,,,
0.95,-4.14E-20,1.50E-04,,,,,,,,,,,,,,,,,
1,1.50E-04,1.50E-04,,,,,,,,,,,,,,,,,
1.05,3.00E-04,1.50E-04,,,,,,,,,,,,,,,,,
1.1,3.75E-04,1.50E-04,,,,,,,,,,,,,,,,,
1.15,5.25E-04,1.50E-04,,,,,,,,,,,,,,,,,
1.2,6.75E-04,1.50E-04,,,,,,,,,,,,,,,,,
1.25,8.25E-04,1.50E-04,,,,,,,,,,,,,,,,,
1.3,9.75E-04,1.50E-04,,,,,,,,,,,,,,,,,
1.35,0.0011,1.50E-04,,,,,,,,,,,,,,,,,
1.4,0.0013,1.50E-04,,,,,,,,,,,,,,,,,
1.45,0.0014,1.50E-04,,,,,,,,,,,,,,,,,
1.5,0.0016,1.50E-04,,,,,,,,,,,,,,,,,
1.55,0.0017,1.50E-04,,,,,,,,,,,,,,,,,
1.6,0.0019,1.50E-04,,,,,,,,,,,,,,,,,
1.65,0.0019,1.50E-04,,,,,,,,,,,,,,,,,
1.7,0.0022,1.50E-04,,,,,,,,,,,,,,,,,
1.75,0.0022,1.50E-04,,,,,,,,,,,,,,,,,
1.8,0.0024,1.50E-04,,,,,,,,,,,,,,,,,
1.85,0.0025,1.50E-04,,,,,,,,,,,,,,,,,
1.9,0.0027,1.50E-04,,,,,,,,,,,,,,,,,
1.95,0.0028,1.50E-04,,,,,,,,,,,,,,,,,
2,0.003,1.50E-04,,,,,,,,,,,,,,,,,
2.05,0.0031,1.50E-04,,,,,,,,,,,,,,,,,
2.1,0.0033,1.50E-04,,,,,,,,,,,,,,,,,
2.15,0.0034,1.50E-04,,,,,,,,,,,,,,,,,
2.2,0.0035,1.50E-04,,,,,,,,,,,,,,,,,
2.25,0.0037,1.50E-04,,,,,,,,,,,,,,,,,
2.3,0.0037,1.50E-04,,,,,,,,,,,,,,,,,
2.35,0.004,1.50E-04,,,,,,,,,,,,,,,,,
2.4,0.004,1.50E-04,,,,,,,,,,,,,,,,,
2.45,0.0042,1.50E-04,,,,,,,,,,,,,,,,,
2.5,0.0043,1.50E-04,,,,,,,,,,,,,,,,,
2.55,0.0044,1.50E-04,,,,,,,,,,,,,,,,,
2.6,0.0046,1.50E-04,,,,,,,,,,,,,,,,,
2.65,0.0047,1.50E-04,,,,,,,,,,,,,,,,,
2.7,0.0049,1.50E-04,,,,,,,,,,,,,,,,,
2.75,0.005,1.50E-04,,,,,,,,,,,,,,,,,
2.8,0.0051,1.50E-04,,,,,,,,,,,,,,,,,
2.85,0.0052,1.50E-04,,,,,,,,,,,,,,,,,
2.9,0.0054,1.50E-04,,,,,,,,,,,,,,,,,
2.95,0.0055,1.50E-04,,,,,,,,,,,,,,,,,
3,0.0056,1.50E-04,,,,,,,,,,,,,,,,,
3.05,0.0058,1.50E-04,,,,,,,,,,,,,,,,,
3.1,0.0059,1.50E-04,,,,,,,,,,,,,,,,,
3.15,0.006,1.50E-04,,,,,,,,,,,,,,,,,
3.2,0.0061,1.50E-04,,,,,,,,,,,,,,,,,
3.25,0.0062,1.50E-04,,,,,,,,,,,,,,,,,
3.3,0.0064,1.50E-04,,,,,,,,,,,,,,,,,
3.35,0.0064,1.50E-04,,,,,,,,,,,,,,,,,
3.4,0.0066,1.50E-04,,,,,,,,,,,,,,,,,
3.45,0.0067,1.50E-04,,,,,,,,,,,,,,,,,
3.5,0.0068,1.50E-04,,,,,,,,,,,,,,,,,
3.55,0.007,1.50E-04,,,,,,,,,,,,,,,,,
3.6,0.007,1.50E-04,,,,,,,,,,,,,,,,,
3.65,0.0072,1.50E-04,,,,,,,,,,,,,,,,,
3.7,0.0073,1.50E-04,,,,,,,,,,,,,,,,,
3.75,0.0074,1.50E-04,,,,,,,,,,,,,,,,,
3.8,0.0075,1.50E-04,,,,,,,,,,,,,,,,,
3.85,0.0076,1.50E-04,,,,,,,,,,,,,,,,,
3.9,0.0077,1.50E-04,,,,,,,,,,,,,,,,,
3.95,0.0078,1.50E-04,,,,,,,,,,,,,,,,,
4,0.0079,1.50E-04,,,,,,,,,,,,,,,,,
4.05,0.0079,1.50E-04,,,,,,,,,,,,,,,,,
4.1,0.008,1.50E-04,,,,,,,,,,,,,,,,,
4.15,0.0081,1.50E-04,,,,,,,,,,,,,,,,,
4.2,0.0082,1.50E-04,,,,,,,,,,,,,,,,,
4.25,0.0082,1.50E-04,,,,,,,,,,,,,,,,,
4.3,0.0082,7.50E-05,,,,,,,,,,,,,,,,,
4.35,0.0082,7.50E-05,,,,,,,,,,,,,,,,,
4.4,0.0082,7.50E-05,,,,,,,,,,,,,,,,,
4.45,0.0081,7.50E-05,,,,,,,,,,,,,,,,,
4.5,0.008,7.50E-05,,,,,,,,,,,,,,,,,
4.55,0.0079,7.50E-05,,,,,,,,,,,,,,,,,
4.6,0.0079,7.50E-05,,,,,,,,,,,,,,,,,
4.65,0.0078,7.50E-05,,,,,,,,,,,,,,,,,
4.7,0.0077,7.50E-05,,,,,,,,,,,,,,,,,
4.75,0.0076,7.50E-05,,,,,,,,,,,,,,,,,
4.8,0.0076,7.50E-05,,,,,,,,,,,,,,,,,
4.85,0.0074,7.50E-05,,,,,,,,,,,,,,,,,
4.9,0.0073,7.50E-05,,,,,,,,,,,,,,,,,
4.95,0.0073,7.50E-05,,,,,,,,,,,,,,,,,
5,0.0072,7.50E-05,,,,,,,,,,,,,,,,,
5.05,0.0071,7.50E-05,,,,,,,,,,,,,,,,,
5.1,0.007,7.50E-05,,,,,,,,,,,,,,,,,
5.15,0.007,7.50E-05,,,,,,,,,,,,,,,,,
5.2,0.007,7.50E-05,,,,,,,,,,,,,,,,,
5.25,0.0069,7.50E-05,,,,,,,,,,,,,,,,,
5.3,0.0068,7.50E-05,,,,,,,,,,,,,,,,,
5.35,0.0067,7.50E-05,,,,,,,,,,,,,,,,,
5.4,0.0067,7.50E-05,,,,,,,,,,,,,,,,,
5.45,0.0067,7.50E-05,,,,,,,,,,,,,,,,,
5.5,0.0067,7.50E-05,,,,,,,,,,,,,,,,,
5.55,0.0066,7.50E-05,,,,,,,,,,,,,,,,,
5.6,0.0065,7.50E-05,,,,,,,,,,,,,,,,,
5.65,0.0065,7.50E-05,,,,,,,,,,,,,,,,,
5.7,0.0065,7.50E-05,,,,,,,,,,,,,,,,,
5.75,0.0065,7.50E-05,,,,,,,,,,,,,,,,,
5.8,0.0064,7.50E-05,,,,,,,,,,,,,,,,,
5.85,0.0064,7.50E-05,,,,,,,,,,,,,,,,,
5.9,0.0064,7.50E-05,,,,,,,,,,,,,,,,,
5.95,0.0064,7.50E-05,,,,,,,,,,,,,,,,,
6,0.0064,7.50E-05,,,,,,,,,,,,,,,,,
6.05,0.0064,7.50E-05,,,,,,,,,,,,,,,,,
6.1,0.0064,7.50E-05,,,,,,,,,,,,,,,,,
6.15,0.0064,7.50E-05,,,,,,,,,,,,,,,,,
6.2,0.0064,7.50E-05,,,,,,,,,,,,,,,,,
6.25,0.0064,7.50E-05,,,,,,,,,,,,,,,,,
6.3,0.0064,7.50E-05,,,,,,,,,,,,,,,,,
6.35,0.0064,7.50E-05,,,,,,,,,,,,,,,,,
6.4,0.0064,7.50E-05,,,,,,,,,,,,,,,,,
6.45,0.0064,7.50E-05,,,,,,,,,,,,,,,,,
6.5,0.0064,7.50E-05,,,,,,,,,,,,,,,,,
6.55,0.0064,7.50E-05,,,,,,,,,,,,,,,,,
6.6,0.0064,7.50E-05,,,,,,,,,,,,,,,,,
6.65,0.0065,7.50E-05,,,,,,,,,,,,,,,,,
6.7,0.0067,1.50E-04,,,,,,,,,,,,,,,,,
6.75,0.0071,1.50E-04,,,,,,,,,,,,,,,,,
6.8,0.0076,2.25E-04,,,,,,,,,,,,,,,,,
6.85,0.0081,3.00E-04,,,,,,,,,,,,,,,,,
6.9,0.0088,3.00E-04,,,,,,,,,,,,,,,,,
6.95,0.0097,3.75E-04,,,,,,,,,,,,,,,,,
7,0.0106,3.75E-04,,,,,,,,,,,,,,,,,
7.05,0.0118,3.75E-04,,,,,,,,,,,,,,,,,
7.1,0.0129,3.75E-04,,,,,,,,,,,,,,,,,
7.15,0.0141,3.75E-04,,,,,,,,,,,,,,,,,
7.2,0.0154,4.50E-04,,,,,,,,,,,,,,,,,
7.25,0.0166,4.50E-04,,,,,,,,,,,,,,,,,
7.3,0.0178,4.50E-04,,,,,,,,,,,,,,,,,
7.35,0.019,4.50E-04,,,,,,,,,,,,,,,,,
7.4,0.0203,4.50E-04,,,,,,,,,,,,,,,,,
7.45,0.0216,4.50E-04,,,,,,,,,,,,,,,,,
7.5,0.0229,4.50E-04,,,,,,,,,,,,,,,,,
7.55,0.0241,4.50E-04,,,,,,,,,,,,,,,,,
7.6,0.0253,4.50E-04,,,,,,,,,,,,,,,,,
7.65,0.0265,4.50E-04,,,,,,,,,,,,,,,,,
7.7,0.0278,4.50E-04,,,,,,,,,,,,,,,,,
7.75,0.0292,4.50E-04,,,,,,,,,,,,,,,,,
7.8,0.0305,4.50E-04,,,,,,,,,,,,,,,,,
7.85,0.032,4.50E-04,,,,,,,,,,,,,,,,,
7.9,0.0335,4.50E-04,,,,,,,,,,,,,,,,,
7.95,0.0349,4.50E-04,,,,,,,,,,,,,,,,,
8,0.0363,4.50E-04,,,,,,,,,,,,,,,,,
8.05,0.0376,4.50E-04,,,,,,,,,,,,,,,,,
8.1,0.0389,4.50E-04,,,,,,,,,,,,,,,,,
8.15,0.0403,4.50E-04,,,,,,,,,,,,,,,,,
8.2,0.0416,4.50E-04,,,,,,,,,,,,,,,,,
8.25,0.043,4.50E-04,,,,,,,,,,,,,,,,,
8.3,0.0442,4.50E-04,,,,,,,,,,,,,,,,,
8.35,0.0454,4.50E-04,,,,,,,,,,,,,,,,,
8.4,0.0466,4.50E-04,,,,,,,,,,,,,,,,,
8.45,0.0478,4.50E-04,,,,,,,,,,,,,,,,,
8.5,0.049,4.50E-04,,,,,,,,,,,,,,,,,
8.55,0.0502,4.50E-04,,,,,,,,,,,,,,,,,
8.6,0.0513,4.50E-04,,,,,,,,,,,,,,,,,
8.65,0.0524,4.50E-04,,,,,,,,,,,,,,,,,
8.7,0.0536,4.50E-04,,,,,,,,,,,,,,,,,
8.75,0.0547,4.50E-04,,,,,,,,,,,,,,,,,
8.8,0.0559,4.50E-04,,,,,,,,,,,,,,,,,
8.85,0.057,4.50E-04,,,,,,,,,,,,,,,,,
8.9,0.0581,4.50E-04,,,,,,,,,,,,,,,,,
8.95,0.058,4.50E-04,,,,,,,,,,,,,,,,,
9,0.0571,4.50E-04,,,,,,,,,,,,,,,,,
9.05,0.056,4.50E-04,,,,,,,,,,,,,,,,,
9.1,0.055,4.50E-04,,,,,,,,,,,,,,,,,
9.15,0.0539,3.75E-04,,,,,,,,,,,,,,,,,
9.2,0.0529,3.75E-04,,,,,,,,,,,,,,,,,
9.25,0.052,3.75E-04,,,,,,,,,,,,,,,,,
9.3,0.0511,3.75E-04,,,,,,,,,,,,,,,,,
9.35,0.0502,3.75E-04,,,,,,,,,,,,,,,,,
9.4,0.0494,3.75E-04,,,,,,,,,,,,,,,,,
9.45,0.0487,3.75E-04,,,,,,,,,,,,,,,,,
9.5,0.0479,3.75E-04,,,,,,,,,,,,,,,,,
9.55,0.0472,3.00E-04,,,,,,,,,,,,,,,,,
9.6,0.0464,3.00E-04,,,,,,,,,,,,,,,,,
9.65,0.0457,3.00E-04,,,,,,,,,,,,,,,,,
9.7,0.045,3.00E-04,,,,,,,,,,,,,,,,,
9.75,0.0443,3.00E-04,,,,,,,,,,,,,,,,,
9.8,0.0514,3.00E-04,,,,,,,,,,,,,,,,,
9.85,0.0575,3.00E-04,,,,,,,,,,,,,,,,,
9.9,0.059,3.00E-04,,,,,,,,,,,,,,,,,
9.95,0.0601,3.00E-04,,,,,,,,,,,,,,,,,
10,0.0611,3.00E-04,,,,,,,,,,,,,,,,,
10.05,0.062,3.00E-04,,,,,,,,,,,,,,,,,
10.1,0.063,3.00E-04,,,,,,,,,,,,,,,,,
10.15,0.0639,3.00E-04,,,,,,,,,,,,,,,,,
10.2,0.0647,3.00E-04,,,,,,,,,,,,,,,,,
10.25,0.0656,3.00E-04,,,,,,,,,,,,,,,,,
10.3,0.0664,3.00E-04,,,,,,,,,,,,,,,,,
10.35,0.0672,3.00E-04,,,,,,,,,,,,,,,,,
10.4,0.068,3.00E-04,,,,,,,,,,,,,,,,,
10.45,0.0688,3.00E-04,,,,,,,,,,,,,,,,,
10.5,0.0695,3.00E-04,,,,,,,,,,,,,,,,,
10.55,0.0703,3.00E-04,,,,,,,,,,,,,,,,,
10.6,0.071,3.00E-04,,,,,,,,,,,,,,,,,
10.65,0.0718,3.00E-04,,,,,,,,,,,,,,,,,
10.7,0.0725,3.00E-04,,,,,,,,,,,,,,,,,
10.75,0.0732,3.00E-04,,,,,,,,,,,,,,,,,
10.8,0.0739,3.00E-04,,,,,,,,,,,,,,,,,
10.85,0.0746,3.00E-04,,,,,,,,,,,,,,,,,
10.9,0.0753,3.00E-04,,,,,,,,,,,,,,,,,
10.95,0.076,3.00E-04,,,,,,,,,,,,,,,,,
11,0.0766,3.00E-04,,,,,,,,,,,,,,,,,
11.05,0.0774,3.00E-04,,,,,,,,,,,,,,,,,
11.1,0.0781,3.00E-04,,,,,,,,,,,,,,,,,
11.15,0.0787,3.00E-04,,,,,,,,,,,,,,,,,
11.2,0.0794,3.00E-04,,,,,,,,,,,,,,,,,
11.25,0.08,3.00E-04,,,,,,,,,,,,,,,,,
11.3,0.0808,3.00E-04,,,,,,,,,,,,,,,,,
11.35,0.0814,3.00E-04,,,,,,,,,,,,,,,,,
11.4,0.082,3.00E-04,,,,,,,,,,,,,,,,,
11.45,0.0827,3.00E-04,,,,,,,,,,,,,,,,,
11.5,0.0833,3.00E-04,,,,,,,,,,,,,,,,,
11.55,0.084,3.00E-04,,,,,,,,,,,,,,,,,
11.6,0.0847,3.00E-04,,,,,,,,,,,,,,,,,
11.65,0.0853,3.00E-04,,,,,,,,,,,,,,,,,
11.7,0.0859,3.00E-04,,,,,,,,,,,,,,,,,
11.75,0.0865,3.00E-04,,,,,,,,,,,,,,,,,
11.8,0.087,3.00E-04,,,,,,,,,,,,,,,,,
11.85,0.0875,3.00E-04,,,,,,,,,,,,,,,,,
11.9,0.0881,3.00E-04,,,,,,,,,,,,,,,,,
11.95,0.0886,3.00E-04,,,,,,,,,,,,,,,,,
12,0.0892,3.00E-04,,,,,,,,,,,,,,,,,
12.05,0.0897,3.00E-04,,,,,,,,,,,,,,,,,
12.1,0.0902,3.00E-04,,,,,,,,,,,,,,,,,
12.15,0.0907,3.00E-04,,,,,,,,,,,,,,,,,
12.2,0.0913,3.00E-04,,,,,,,,,,,,,,,,,
12.25,0.0919,3.00E-04,,,,,,,,,,,,,,,,,
12.3,0.0924,3.00E-04,,,,,,,,,,,,,,,,,
12.35,0.0929,3.00E-04,,,,,,,,,,,,,,,,,
12.4,0.0934,3.00E-04,,,,,,,,,,,,,,,,,
12.45,0.094,3.00E-04,,,,,,,,,,,,,,,,,
12.5,0.0945,2.25E-04,,,,,,,,,,,,,,,,,
12.55,0.095,2.25E-04,,,,,,,,,,,,,,,,,
12.6,0.0955,2.25E-04,,,,,,,,,,,,,,,,,
12.65,0.096,2.25E-04,,,,,,,,,,,,,,,,,
12.7,0.0965,2.25E-04,,,,,,,,,,,,,,,,,
12.75,0.097,2.25E-04,,,,,,,,,,,,,,,,,
12.8,0.0975,2.25E-04,,,,,,,,,,,,,,,,,
12.85,0.0979,2.25E-04,,,,,,,,,,,,,,,,,
12.9,0.0985,2.25E-04,,,,,,,,,,,,,,,,,
12.95,0.099,2.25E-04,,,,,,,,,,,,,,,,,
13,0.0997,2.25E-04,,,,,,,,,,,,,,,,,
13.05,0.1003,2.25E-04,,,,,,,,,,,,,,,,,
13.1,0.1012,3.00E-04,,,,,,,,,,,,,,,,,
13.15,0.1021,3.75E-04,,,,,,,,,,,,,,,,,
13.2,0.1031,3.75E-04,,,,,,,,,,,,,,,,,
13.25,0.1044,3.75E-04,,,,,,,,,,,,,,,,,
13.3,0.1058,3.75E-04,,,,,,,,,,,,,,,,,
13.35,0.1075,4.50E-04,,,,,,,,,,,,,,,,,
13.4,0.1093,4.50E-04,,,,,,,,,,,,,,,,,
13.45,0.1114,4.50E-04,,,,,,,,,,,,,,,,,
13.5,0.1135,5.25E-04,,,,,,,,,,,,,,,,,
13.55,0.1158,5.25E-04,,,,,,,,,,,,,,,,,
13.6,0.1182,5.25E-04,,,,,,,,,,,,,,,,,
13.65,0.1208,5.25E-04,,,,,,,,,,,,,,,,,
13.7,0.1234,5.25E-04,,,,,,,,,,,,,,,,,
13.75,0.1237,5.25E-04,,,,,,,,,,,,,,,,,
13.8,0.1213,5.25E-04,,,,,,,,,,,,,,,,,
13.85,0.1189,5.25E-04,,,,,,,,,,,,,,,,,
13.9,0.1166,5.25E-04,,,,,,,,,,,,,,,,,
13.95,0.1143,5.25E-04,,,,,,,,,,,,,,,,,
14,0.1119,5.25E-04,,,,,,,,,,,,,,,,,
14.05,0.1238,5.25E-04,,,,,,,,,,,,,,,,,
14.1,0.1303,5.25E-04,,,,,,,,,,,,,,,,,
14.15,0.1334,5.25E-04,,,,,,,,,,,,,,,,,
14.2,0.1363,5.25E-04,,,,,,,,,,,,,,,,,
14.25,0.139,5.25E-04,,,,,,,,,,,,,,,,,
14.3,0.1417,5.25E-04,,,,,,,,,,,,,,,,,
14.35,0.1447,5.25E-04,,,,,,,,,,,,,,,,,
14.4,0.1475,5.25E-04,,,,,,,,,,,,,,,,,
14.45,0.1503,5.25E-04,,,,,,,,,,,,,,,,,
14.5,0.153,5.25E-04,,,,,,,,,,,,,,,,,
14.55,0.1557,5.25E-04,,,,,,,,,,,,,,,,,
14.6,0.1582,5.25E-04,,,,,,,,,,,,,,,,,
14.65,0.1607,5.25E-04,,,,,,,,,,,,,,,,,
14.7,0.1631,5.25E-04,,,,,,,,,,,,,,,,,
14.75,0.1654,5.25E-04,,,,,,,,,,,,,,,,,
14.8,0.1678,5.25E-04,,,,,,,,,,,,,,,,,
14.85,0.17,5.25E-04,,,,,,,,,,,,,,,,,
14.9,0.1721,5.25E-04,,,,,,,,,,,,,,,,,
14.95,0.1743,5.25E-04,,,,,,,,,,,,,,,,,
15,0.1765,5.25E-04,,,,,,,,,,,,,,,,,
15.05,0.1789,5.25E-04,,,,,,,,,,,,,,,,,
15.1,0.1817,5.25E-04,,,,,,,,,,,,,,,,,
15.15,0.1849,5.25E-04,,,,,,,,,,,,,,,,,
15.2,0.1873,5.25E-04,,,,,,,,,,,,,,,,,
15.25,0.1897,5.25E-04,,,,,,,,,,,,,,,,,
15.3,0.1919,5.25E-04,,,,,,,,,,,,,,,,,
15.35,0.1939,5.25E-04,,,,,,,,,,,,,,,,,
15.4,0.1918,5.25E-04,,,,,,,,,,,,,,,,,
15.45,0.1895,5.25E-04,,,,,,,,,,,,,,,,,
15.5,0.1874,5.25E-04,,,,,,,,,,,,,,,,,
15.55,0.1855,5.25E-04,,,,,,,,,,,,,,,,,
15.6,0.1834,5.25E-04,,,,,,,,,,,,,,,,,
15.65,0.1813,5.25E-04,,,,,,,,,,,,,,,,,
15.7,0.1823,5.25E-04,,,,,,,,,,,,,,,,,
15.75,0.1936,5.25E-04,,,,,,,,,,,,,,,,,
15.8,0.196,5.25E-04,,,,,,,,,,,,,,,,,
15.85,0.1984,5.25E-04,,,,,,,,,,,,,,,,,
15.9,0.2005,5.25E-04,,,,,,,,,,,,,,,,,
15.95,0.2026,5.25E-04,,,,,,,,,,,,,,,,,
16,0.2047,5.25E-04,,,,,,,,,,,,,,,,,
16.05,0.2068,5.25E-04,,,,,,,,,,,,,,,,,
16.1,0.2089,5.25E-04,,,,,,,,,,,,,,,,,
16.15,0.2111,5.25E-04,,,,,,,,,,,,,,,,,
16.2,0.2134,5.25E-04,,,,,,,,,,,,,,,,,
16.25,0.2155,5.25E-04,,,,,,,,,,,,,,,,,
16.3,0.2179,5.25E-04,,,,,,,,,,,,,,,,,
16.35,0.2201,5.25E-04,,,,,,,,,,,,,,,,,
16.4,0.2224,5.25E-04,,,,,,,,,,,,,,,,,
16.45,0.2246,5.25E-04,,,,,,,,,,,,,,,,,
16.5,0.2269,5.25E-04,,,,,,,,,,,,,,,,,
16.55,0.2292,5.25E-04,,,,,,,,,,,,,,,,,
16.6,0.2315,5.25E-04,,,,,,,,,,,,,,,,,
16.65,0.2338,5.25E-04,,,,,,,,,,,,,,,,,
16.7,0.2359,5.25E-04,,,,,,,,,,,,,,,,,
16.75,0.2379,5.25E-04,,,,,,,,,,,,,,,,,
16.8,0.2401,5.25E-04,,,,,,,,,,,,,,,,,
16.85,0.2421,5.25E-04,,,,,,,,,,,,,,,,,
16.9,0.2442,5.25E-04,,,,,,,,,,,,,,,,,
16.95,0.2464,5.25E-04,,,,,,,,,,,,,,,,,
17,0.2486,5.25E-04,,,,,,,,,,,,,,,,,
17.05,0.2507,5.25E-04,,,,,,,,,,,,,,,,,
17.1,0.2527,5.25E-04,,,,,,,,,,,,,,,,,
17.15,0.2545,5.25E-04,,,,,,,,,,,,,,,,,
17.2,0.2563,4.50E-04,,,,,,,,,,,,,,,,,
17.25,0.256,4.50E-04,,,,,,,,,,,,,,,,,
17.3,0.2551,4.50E-04,,,,,,,,,,,,,,,,,
17.35,0.2544,3.75E-04,,,,,,,,,,,,,,,,,
17.4,0.254,3.75E-04,,,,,,,,,,,,,,,,,
17.45,0.2539,2.25E-04,,,,,,,,,,,,,,,,,
17.5,0.254,1.50E-04,,,,,,,,,,,,,,,,,
17.55,0.2543,7.50E-05,,,,,,,,,,,,,,,,,
17.6,0.2549,-7.50E-05,,,,,,,,,,,,,,,,,
17.65,0.2557,-3.00E-04,,,,,,,,,,,,,,,,,
17.7,0.2566,-5.25E-04,,,,,,,,,,,,,,,,,
17.75,0.2558,-8.25E-04,,,,,,,,,,,,,,,,,
17.8,0.255,-0.0013,,,,,,,,,,,,,,,,,
17.85,0.254,-0.0019,,,,,,,,,,,,,,,,,
17.9,0.2531,-0.0026,,,,,,,,,,,,,,,,,
17.95,0.2522,-0.0034,,,,,,,,,,,,,,,,,
18,0.2514,-0.0044,,,,,,,,,,,,,,,,,
18.05,0.2506,-0.0054,,,,,,,,,,,,,,,,,
18.1,0.25,-0.0064,,,,,,,,,,,,,,,,,
18.15,0.2494,-0.0075,,,,,,,,,,,,,,,,,
18.2,0.2488,-0.0085,,,,,,,,,,,,,,,,,
18.25,0.2484,-0.0096,,,,,,,,,,,,,,,,,
18.3,0.2479,-0.0106,,,,,,,,,,,,,,,,,
18.35,0.2476,-0.0115,,,,,,,,,,,,,,,,,
18.4,0.2473,-0.0124,,,,,,,,,,,,,,,,,
18.45,0.247,-0.0132,,,,,,,,,,,,,,,,,
18.5,0.2467,-0.0139,,,,,,,,,,,,,,,,,
18.55,0.2465,-0.0145,,,,,,,,,,,,,,,,,
18.6,0.2462,-0.0151,,,,,,,,,,,,,,,,,
18.65,0.246,-0.0155,,,,,,,,,,,,,,,,,
18.7,0.2459,-0.0158,,,,,,,,,,,,,,,,,
18.75,0.2458,-0.016,,,,,,,,,,,,,,,,,
18.8,0.2458,-0.016,,,,,,,,,,,,,,,,,
18.85,0.2458,-0.0159,,,,,,,,,,,,,,,,,
18.9,0.2458,-0.0156,,,,,,,,,,,,,,,,,
18.95,0.2456,-0.0151,,,,,,,,,,,,,,,,,
19,0.2454,-0.0146,,,,,,,,,,,,,,,,,
19.05,0.245,-0.0141,,,,,,,,,,,,,,,,,
19.1,0.2445,-0.0134,,,,,,,,,,,,,,,,,
19.15,0.2437,-0.0128,,,,,,,,,,,,,,,,,
19.2,0.2428,-0.0123,,,,,,,,,,,,,,,,,
19.25,0.2417,-0.0118,,,,,,,,,,,,,,,,,
19.3,0.2404,-0.0116,,,,,,,,,,,,,,,,,
19.35,0.2389,-0.0116,,,,,,,,,,,,,,,,,
19.4,0.2372,-0.0118,,,,,,,,,,,,,,,,,
19.45,0.2356,-0.0124,,,,,,,,,,,,,,,,,
19.5,0.2338,-0.0133,,,,,,,,,,,,,,,,,
19.55,0.2321,-0.0145,,,,,,,,,,,,,,,,,
19.6,0.2305,-0.0158,,,,,,,,,,,,,,,,,
19.65,0.229,-0.0175,,,,,,,,,,,,,,,,,
19.7,0.2276,-0.0191,,,,,,,,,,,,,,,,,
19.75,0.2265,-0.021,,,,,,,,,,,,,,,,,
19.8,0.2257,-0.0229,,,,,,,,,,,,,,,,,
19.85,0.2253,-0.0247,,,,,,,,,,,,,,,,,
19.9,0.2253,-0.0263,,,,,,,,,,,,,,,,,
19.95,0.2257,-0.0277,,,,,,,,,,,,,,,,,
20,0.2265,-0.0289,,,,,,,,,,,,,,,,,
20.05,0.2276,-0.0296,,,,,,,,,,,,,,,,,
20.1,0.229,-0.0298,,,,,,,,,,,,,,,,,
20.15,0.2305,-0.0296,,,,,,,,,,,,,,,,,
20.2,0.2317,-0.0289,,,,,,,,,,,,,,,,,
20.25,0.2326,-0.0277,,,,,,,,,,,,,,,,,
20.3,0.2332,-0.0263,,,,,,,,,,,,,,,,,
20.35,0.2334,-0.0247,,,,,,,,,,,,,,,,,
20.4,0.2331,-0.0229,,,,,,,,,,,,,,,,,
20.45,0.2324,-0.0212,,,,,,,,,,,,,,,,,
20.5,0.2314,-0.0196,,,,,,,,,,,,,,,,,
20.55,0.2299,-0.0181,,,,,,,,,,,,,,,,,
20.6,0.2281,-0.0169,,,,,,,,,,,,,,,,,
20.65,0.226,-0.016,,,,,,,,,,,,,,,,,
20.7,0.2237,-0.0154,,,,,,,,,,,,,,,,,
20.75,0.2212,-0.0154,,,,,,,,,,,,,,,,,
20.8,0.2185,-0.0157,,,,,,,,,,,,,,,,,
20.85,0.216,-0.0165,,,,,,,,,,,,,,,,,
20.9,0.2137,-0.0175,,,,,,,,,,,,,,,,,
20.95,0.2119,-0.0189,,,,,,,,,,,,,,,,,
21,0.2105,-0.0205,,,,,,,,,,,,,,,,,
21.05,0.2094,-0.0222,,,,,,,,,,,,,,,,,
21.1,0.2088,-0.0239,,,,,,,,,,,,,,,,,
21.15,0.2086,-0.0256,,,,,,,,,,,,,,,,,
21.2,0.2086,-0.0271,,,,,,,,,,,,,,,,,
21.25,0.2092,-0.0283,,,,,,,,,,,,,,,,,
21.3,0.2101,-0.0291,,,,,,,,,,,,,,,,,
21.35,0.2113,-0.0295,,,,,,,,,,,,,,,,,
21.4,0.2125,-0.0295,,,,,,,,,,,,,,,,,
21.45,0.2137,-0.029,,,,,,,,,,,,,,,,,
21.5,0.2146,-0.0281,,,,,,,,,,,,,,,,,
21.55,0.2152,-0.0268,,,,,,,,,,,,,,,,,
21.6,0.2155,-0.0253,,,,,,,,,,,,,,,,,
21.65,0.2155,-0.0238,,,,,,,,,,,,,,,,,
21.7,0.2149,-0.022,,,,,,,,,,,,,,,,,
21.75,0.214,-0.0204,,,,,,,,,,,,,,,,,
21.8,0.2128,-0.0189,,,,,,,,,,,,,,,,,
21.85,0.2113,-0.0175,,,,,,,,,,,,,,,,,
21.9,0.2095,-0.0166,,,,,,,,,,,,,,,,,
21.95,0.2076,-0.0159,,,,,,,,,,,,,,,,,
22,0.2055,-0.0156,,,,,,,,,,,,,,,,,
22.05,0.2033,-0.0157,,,,,,,,,,,,,,,,,
22.1,0.2012,-0.0163,,,,,,,,,,,,,,,,,
22.15,0.1993,-0.0172,,,,,,,,,,,,,,,,,
22.2,0.1975,-0.0184,,,,,,,,,,,,,,,,,
22.25,0.1967,-0.0197,,,,,,,,,,,,,,,,,
22.3,0.1978,-0.0213,,,,,,,,,,,,,,,,,
22.35,0.1985,-0.0229,,,,,,,,,,,,,,,,,
22.4,0.1987,-0.0246,,,,,,,,,,,,,,,,,
22.45,0.1986,-0.0261,,,,,,,,,,,,,,,,,
22.5,0.1979,-0.0274,,,,,,,,,,,,,,,,,
22.55,0.1969,-0.0282,,,,,,,,,,,,,,,,,
22.6,0.1974,-0.0287,,,,,,,,,,,,,,,,,
22.65,0.1982,-0.0288,,,,,,,,,,,,,,,,,
22.7,0.1992,-0.0283,,,,,,,,,,,,,,,,,
22.75,0.2,-0.0275,,,,,,,,,,,,,,,,,
22.8,0.2006,-0.0262,,,,,,,,,,,,,,,,,
22.85,0.2008,-0.0248,,,,,,,,,,,,,,,,,
22.9,0.2008,-0.0232,,,,,,,,,,,,,,,,,
22.95,0.2003,-0.0215,,,,,,,,,,,,,,,,,
23,0.1996,-0.0199,,,,,,,,,,,,,,,,,
23.05,0.1984,-0.0184,,,,,,,,,,,,,,,,,
23.1,0.1969,-0.0169,,,,,,,,,,,,,,,,,
23.15,0.1972,-0.0159,,,,,,,,,,,,,,,,,
23.2,0.1992,-0.0152,,,,,,,,,,,,,,,,,
23.25,0.2014,-0.0148,,,,,,,,,,,,,,,,,
23.3,0.2036,-0.0149,,,,,,,,,,,,,,,,,
23.35,0.2057,-0.0154,,,,,,,,,,,,,,,,,
23.4,0.2077,-0.0162,,,,,,,,,,,,,,,,,
23.45,0.2095,-0.0173,,,,,,,,,,,,,,,,,
23.5,0.2084,-0.0187,,,,,,,,,,,,,,,,,
23.55,0.199,-0.0202,,,,,,,,,,,,,,,,,
23.6,0.198,-0.0217,,,,,,,,,,,,,,,,,
23.65,0.1973,-0.0233,,,,,,,,,,,,,,,,,
23.7,0.1971,-0.0247,,,,,,,,,,,,,,,,,
23.75,0.1973,-0.026,,,,,,,,,,,,,,,,,
23.8,0.1978,-0.027,,,,,,,,,,,,,,,,,
23.85,0.1986,-0.0277,,,,,,,,,,,,,,,,,
23.9,0.1978,-0.0279,,,,,,,,,,,,,,,,,
23.95,0.1966,-0.0277,,,,,,,,,,,,,,,,,
24,0.1957,-0.0271,,,,,,,,,,,,,,,,,
24.05,0.195,-0.0262,,,,,,,,,,,,,,,,,
24.1,0.1946,-0.0251,,,,,,,,,,,,,,,,,
24.15,0.1946,-0.0238,,,,,,,,,,,,,,,,,
24.2,0.195,-0.0223,,,,,,,,,,,,,,,,,
24.25,0.1957,-0.0208,,,,,,,,,,,,,,,,,
24.3,0.1969,-0.0194,,,,,,,,,,,,,,,,,
24.35,0.1982,-0.0182,,,,,,,,,,,,,,,,,
24.4,0.1959,-0.0172,,,,,,,,,,,,,,,,,
24.45,0.1945,-0.0164,,,,,,,,,,,,,,,,,
24.5,0.1927,-0.016,,,,,,,,,,,,,,,,,
24.55,0.1908,-0.0159,,,,,,,,,,,,,,,,,
24.6,0.1888,-0.0161,,,,,,,,,,,,,,,,,
24.65,0.1869,-0.0167,,,,,,,,,,,,,,,,,
24.7,0.1852,-0.0177,,,,,,,,,,,,,,,,,
24.75,0.1836,-0.0188,,,,,,,,,,,,,,,,,
24.8,0.1823,-0.0202,,,,,,,,,,,,,,,,,
24.85,0.1813,-0.0215,,,,,,,,,,,,,,,,,
24.9,0.1807,-0.0229,,,,,,,,,,,,,,,,,
24.95,0.1804,-0.0244,,,,,,,,,,,,,,,,,
25,0.1804,-0.0256,,,,,,,,,,,,,,,,,
25.05,0.1807,-0.0267,,,,,,,,,,,,,,,,,
25.1,0.1813,-0.0274,,,,,,,,,,,,,,,,,
25.15,0.1821,-0.0279,,,,,,,,,,,,,,,,,
25.2,0.1829,-0.028,,,,,,,,,,,,,,,,,
25.25,0.1838,-0.0277,,,,,,,,,,,,,,,,,
25.3,0.1845,-0.0269,,,,,,,,,,,,,,,,,
25.35,0.185,-0.0259,,,,,,,,,,,,,,,,,
25.4,0.1852,-0.0247,,,,,,,,,,,,,,,,,
25.45,0.1852,-0.0234,,,,,,,,,,,,,,,,,
25.5,0.1848,-0.022,,,,,,,,,,,,,,,,,
25.55,0.184,-0.0206,,,,,,,,,,,,,,,,,
25.6,0.1831,-0.0193,,,,,,,,,,,,,,,,,
25.65,0.1817,-0.0181,,,,,,,,,,,,,,,,,
25.7,0.1802,-0.0171,,,,,,,,,,,,,,,,,
25.75,0.1783,-0.0164,,,,,,,,,,,,,,,,,
25.8,0.1763,-0.016,,,,,,,,,,,,,,,,,
25.85,0.1742,-0.016,,,,,,,,,,,,,,,,,
25.9,0.1721,-0.0163,,,,,,,,,,,,,,,,,
25.95,0.1702,-0.0169,,,,,,,,,,,,,,,,,
26,0.1684,-0.0178,,,,,,,,,,,,,,,,,
26.05,0.1669,-0.0189,,,,,,,,,,,,,,,,,
26.1,0.1656,-0.0202,,,,,,,,,,,,,,,,,
26.15,0.1646,-0.0215,,,,,,,,,,,,,,,,,
26.2,0.1639,-0.0229,,,,,,,,,,,,,,,,,
26.25,0.1636,-0.0242,,,,,,,,,,,,,,,,,
26.3,0.1636,-0.0254,,,,,,,,,,,,,,,,,
26.35,0.1639,-0.0265,,,,,,,,,,,,,,,,,
26.4,0.1645,-0.0271,,,,,,,,,,,,,,,,,
26.45,0.1651,-0.0275,,,,,,,,,,,,,,,,,
26.5,0.166,-0.0276,,,,,,,,,,,,,,,,,
26.55,0.1667,-0.0272,,,,,,,,,,,,,,,,,
26.6,0.1673,-0.0266,,,,,,,,,,,,,,,,,
26.65,0.1678,-0.0256,,,,,,,,,,,,,,,,,
26.7,0.1679,-0.0244,,,,,,,,,,,,,,,,,
26.75,0.1678,-0.0232,,,,,,,,,,,,,,,,,
26.8,0.1675,-0.0218,,,,,,,,,,,,,,,,,
26.85,0.1667,-0.0205,,,,,,,,,,,,,,,,,
26.9,0.1657,-0.0192,,,,,,,,,,,,,,,,,
26.95,0.1645,-0.018,,,,,,,,,,,,,,,,,
27,0.163,-0.0171,,,,,,,,,,,,,,,,,
27.05,0.1612,-0.0164,,,,,,,,,,,,,,,,,
27.1,0.1593,-0.016,,,,,,,,,,,,,,,,,
27.15,0.1573,-0.016,,,,,,,,,,,,,,,,,
27.2,0.1552,-0.0162,,,,,,,,,,,,,,,,,
27.25,0.1532,-0.0168,,,,,,,,,,,,,,,,,
27.3,0.1513,-0.0176,,,,,,,,,,,,,,,,,
27.35,0.1498,-0.0187,,,,,,,,,,,,,,,,,
27.4,0.1483,-0.0199,,,,,,,,,,,,,,,,,
27.45,0.1472,-0.0212,,,,,,,,,,,,,,,,,
27.5,0.1465,-0.0226,,,,,,,,,,,,,,,,,
27.55,0.1461,-0.0238,,,,,,,,,,,,,,,,,
27.6,0.146,-0.025,,,,,,,,,,,,,,,,,
27.65,0.1462,-0.0259,,,,,,,,,,,,,,,,,
27.7,0.1467,-0.0266,,,,,,,,,,,,,,,,,
27.75,0.1474,-0.0271,,,,,,,,,,,,,,,,,
27.8,0.1482,-0.0271,,,,,,,,,,,,,,,,,
27.85,0.1489,-0.0268,,,,,,,,,,,,,,,,,
27.9,0.1495,-0.0262,,,,,,,,,,,,,,,,,
27.95,0.1499,-0.0254,,,,,,,,,,,,,,,,,
28,0.15,-0.0244,,,,,,,,,,,,,,,,,
28.05,0.1498,-0.0232,,,,,,,,,,,,,,,,,
28.1,0.1492,-0.022,,,,,,,,,,,,,,,,,
28.15,0.1483,-0.0209,,,,,,,,,,,,,,,,,
28.2,0.1471,-0.0199,,,,,,,,,,,,,,,,,
28.25,0.1458,-0.019,,,,,,,,,,,,,,,,,
28.3,0.1442,-0.0182,,,,,,,,,,,,,,,,,
28.35,0.1424,-0.0178,,,,,,,,,,,,,,,,,
28.4,0.1405,-0.0175,,,,,,,,,,,,,,,,,
28.45,0.1387,-0.0175,,,,,,,,,,,,,,,,,
28.5,0.1371,-0.0176,,,,,,,,,,,,,,,,,
28.55,0.1356,-0.018,,,,,,,,,,,,,,,,,
28.6,0.1344,-0.0185,,,,,,,,,,,,,,,,,
28.65,0.1347,-0.0191,,,,,,,,,,,,,,,,,
28.7,0.1353,-0.0198,,,,,,,,,,,,,,,,,
28.75,0.1357,-0.0204,,,,,,,,,,,,,,,,,
28.8,0.1357,-0.0209,,,,,,,,,,,,,,,,,
28.85,0.1357,-0.0214,,,,,,,,,,,,,,,,,
28.9,0.1354,-0.0215,,,,,,,,,,,,,,,,,
28.95,0.135,-0.0214,,,,,,,,,,,,,,,,,
29,0.1347,-0.0211,,,,,,,,,,,,,,,,,
29.05,0.1345,-0.0205,,,,,,,,,,,,,,,,,
29.1,0.1344,-0.0199,,,,,,,,,,,,,,,,,
29.15,0.1345,-0.019,,,,,,,,,,,,,,,,,
29.2,0.1348,-0.018,,,,,,,,,,,,,,,,,
29.25,0.1354,-0.0169,,,,,,,,,,,,,,,,,
29.3,0.1363,-0.016,,,,,,,,,,,,,,,,,
29.35,0.1372,-0.0151,,,,,,,,,,,,,,,,,
29.4,0.1384,-0.0143,,,,,,,,,,,,,,,,,
29.45,0.1396,-0.0136,,,,,,,,,,,,,,,,,
29.5,0.1408,-0.0131,,,,,,,,,,,,,,,,,
29.55,0.142,-0.0128,,,,,,,,,,,,,,,,,
29.6,0.1431,-0.0127,,,,,,,,,,,,,,,,,
29.65,0.1441,-0.0126,,,,,,,,,,,,,,,,,
29.7,0.145,-0.0127,,,,,,,,,,,,,,,,,
29.75,0.1458,-0.0127,,,,,,,,,,,,,,,,,
29.8,0.1463,-0.0128,,,,,,,,,,,,,,,,,
29.85,0.1468,-0.013,,,,,,,,,,,,,,,,,
29.9,0.147,-0.013,,,,,,,,,,,,,,,,,
29.95,0.1471,-0.0129,,,,,,,,,,,,,,,,,
30,0.1471,-0.0127,,,,,,,,,,,,,,,,,
30.05,0.1471,-0.0123,,,,,,,,,,,,,,,,,
30.1,0.1471,-0.0118,,,,,,,,,,,,,,,,,
30.15,0.1471,-0.0111,,,,,,,,,,,,,,,,,
30.2,0.1474,-0.0103,,,,,,,,,,,,,,,,,
30.25,0.1459,-0.0094,,,,,,,,,,,,,,,,,
30.3,0.1446,-0.0085,,,,,,,,,,,,,,,,,
30.35,0.1368,-0.0076,,,,,,,,,,,,,,,,,
30.4,0.1326,-0.0067,,,,,,,,,,,,,,,,,
30.45,0.1309,-0.0058,,,,,,,,,,,,,,,,,
30.5,0.1296,-0.0052,,,,,,,,,,,,,,,,,
30.55,0.1282,-0.0045,,,,,,,,,,,,,,,,,
30.6,0.1268,-0.004,,,,,,,,,,,,,,,,,
30.65,0.1255,-0.0037,,,,,,,,,,,,,,,,,
30.7,0.1243,-0.0035,,,,,,,,,,,,,,,,,
30.75,0.1232,-0.0034,,,,,,,,,,,,,,,,,
30.8,0.1222,-0.0034,,,,,,,,,,,,,,,,,
30.85,0.1216,-0.0034,,,,,,,,,,,,,,,,,
30.9,0.121,-0.0034,,,,,,,,,,,,,,,,,
30.95,0.1207,-0.0034,,,,,,,,,,,,,,,,,
31,0.1206,-0.0032,,,,,,,,,,,,,,,,,
31.05,0.1206,-0.0029,,,,,,,,,,,,,,,,,
31.1,0.1207,-0.0025,,,,,,,,,,,,,,,,,
31.15,0.1207,-0.0019,,,,,,,,,,,,,,,,,
31.2,0.1208,-0.001,,,,,,,,,,,,,,,,,
31.25,0.1208,-7.50E-05,,,,,,,,,,,,,,,,,
31.3,0.1207,6.75E-04,,,,,,,,,,,,,,,,,
31.35,0.1207,6.75E-04,,,,,,,,,,,,,,,,,
31.4,0.1207,1.50E-04,,,,,,,,,,,,,,,,,
31.45,0.121,-3.00E-04,,,,,,,,,,,,,,,,,
31.5,0.1216,-5.25E-04,,,,,,,,,,,,,,,,,
31.55,0.1222,-4.50E-04,,,,,,,,,,,,,,,,,
31.6,0.1228,-1.50E-04,,,,,,,,,,,,,,,,,
31.65,0.1235,3.00E-04,,,,,,,,,,,,,,,,,
31.7,0.1242,6.00E-04,,,,,,,,,,,,,,,,,
31.75,0.1249,5.25E-04,,,,,,,,,,,,,,,,,
31.8,0.1256,2.25E-04,,,,,,,,,,,,,,,,,
31.85,0.1264,1.50E-04,,,,,,,,,,,,,,,,,
31.9,0.1272,1.50E-04,,,,,,,,,,,,,,,,,
31.95,0.128,2.25E-04,,,,,,,,,,,,,,,,,
32,0.1287,3.75E-04,,,,,,,,,,,,,,,,,
32.05,0.1294,3.75E-04,,,,,,,,,,,,,,,,,
32.1,0.1287,3.75E-04,,,,,,,,,,,,,,,,,
32.15,0.128,3.00E-04,,,,,,,,,,,,,,,,,
32.2,0.1274,2.25E-04,,,,,,,,,,,,,,,,,
32.25,0.1267,2.25E-04,,,,,,,,,,,,,,,,,
32.3,0.1261,2.25E-04,,,,,,,,,,,,,,,,,
32.35,0.1256,2.25E-04,,,,,,,,,,,,,,,,,
32.4,0.125,2.25E-04,,,,,,,,,,,,,,,,,
32.45,0.1246,2.25E-04,,,,,,,,,,,,,,,,,
32.5,0.124,2.25E-04,,,,,,,,,,,,,,,,,
32.55,0.1234,2.25E-04,,,,,,,,,,,,,,,,,
32.6,0.1229,2.25E-04,,,,,,,,,,,,,,,,,
32.65,0.1223,2.25E-04,,,,,,,,,,,,,,,,,
32.7,0.1219,2.25E-04,,,,,,,,,,,,,,,,,
32.75,0.1214,2.25E-04,,,,,,,,,,,,,,,,,
32.8,0.121,2.25E-04,,,,,,,,,,,,,,,,,
32.85,0.1206,2.25E-04,,,,,,,,,,,,,,,,,
32.9,0.1202,2.25E-04,,,,,,,,,,,,,,,,,
32.95,0.1199,2.25E-04,,,,,,,,,,,,,,,,,
33,0.1198,2.25E-04,,,,,,,,,,,,,,,,,
33.05,0.1195,1.50E-04,,,,,,,,,,,,,,,,,
33.1,0.1194,1.50E-04,,,,,,,,,,,,,,,,,
33.15,0.1193,1.50E-04,,,,,,,,,,,,,,,,,
33.2,0.1193,1.50E-04,,,,,,,,,,,,,,,,,
33.25,0.1193,1.50E-04,,,,,,,,,,,,,,,,,
33.3,0.1193,7.50E-05,,,,,,,,,,,,,,,,,
33.35,0.1195,7.50E-05,,,,,,,,,,,,,,,,,
33.4,0.1195,7.50E-05,,,,,,,,,,,,,,,,,
33.45,0.1197,7.23E-18,,,,,,,,,,,,,,,,,
33.5,0.1199,7.23E-18,,,,,,,,,,,,,,,,,
33.55,0.1201,7.23E-18,,,,,,,,,,,,,,,,,
33.6,0.1204,-7.50E-05,,,,,,,,,,,,,,,,,
33.65,0.1207,-7.50E-05,,,,,,,,,,,,,,,,,
33.7,0.1211,-7.50E-05,,,,,,,,,,,,,,,,,
33.75,0.1215,-1.50E-04,,,,,,,,,,,,,,,,,
33.8,0.1219,-1.50E-04,,,,,,,,,,,,,,,,,
33.85,0.1222,-2.25E-04,,,,,,,,,,,,,,,,,
33.9,0.1226,-2.25E-04,,,,,,,,,,,,,,,,,
33.95,0.1229,-2.25E-04,,,,,,,,,,,,,,,,,
34,0.1233,-2.25E-04,,,,,,,,,,,,,,,,,
34.05,0.1236,-2.25E-04,,,,,,,,,,,,,,,,,
34.1,0.1239,-1.50E-04,,,,,,,,,,,,,,,,,
34.15,0.1242,-7.50E-05,,,,,,,,,,,,,,,,,
34.2,0.1245,-7.50E-05,,,,,,,,,,,,,,,,,
34.25,0.1247,-7.50E-05,,,,,,,,,,,,,,,,,
34.3,0.125,-7.50E-05,,,,,,,,,,,,,,,,,
34.35,0.1252,-7.50E-05,,,,,,,,,,,,,,,,,
34.4,0.1255,-7.50E-05,,,,,,,,,,,,,,,,,
34.45,0.1257,-7.50E-05,,,,,,,,,,,,,,,,,
34.5,0.1259,-7.50E-05,,,,,,,,,,,,,,,,,
34.55,0.1262,-7.50E-05,,,,,,,,,,,,,,,,,
34.6,0.1265,-7.50E-05,,,,,,,,,,,,,,,,,
34.65,0.1268,-7.50E-05,,,,,,,,,,,,,,,,,
34.7,0.1271,-7.50E-05,,,,,,,,,,,,,,,,,
34.75,0.1274,-7.50E-05,,,,,,,,,,,,,,,,,
34.8,0.1278,-7.50E-05,,,,,,,,,,,,,,,,,
34.85,0.1282,-1.50E-04,,,,,,,,,,,,,,,,,
34.9,0.1285,-1.50E-04,,,,,,,,,,,,,,,,,
34.95,0.1288,-1.50E-04,,,,,,,,,,,,,,,,,
35,0.1292,-2.25E-04,,,,,,,,,,,,,,,,,
35.05,0.1258,-2.25E-04,,,,,,,,,,,,,,,,,
35.1,0.1254,-2.25E-04,,,,,,,,,,,,,,,,,
35.15,0.1249,-2.25E-04,,,,,,,,,,,,,,,,,
35.2,0.1246,-1.50E-04,,,,,,,,,,,,,,,,,
35.25,0.1242,-1.50E-04,,,,,,,,,,,,,,,,,
35.3,0.1238,-1.50E-04,,,,,,,,,,,,,,,,,
35.35,0.1235,-1.50E-04,,,,,,,,,,,,,,,,,
35.4,0.1231,-1.50E-04,,,,,,,,,,,,,,,,,
35.45,0.1228,-1.50E-04,,,,,,,,,,,,,,,,,
35.5,0.1225,-1.50E-04,,,,,,,,,,,,,,,,,
35.55,0.1221,-1.50E-04,,,,,,,,,,,,,,,,,
35.6,0.1218,-1.50E-04,,,,,,,,,,,,,,,,,
35.65,0.1214,-1.50E-04,,,,,,,,,,,,,,,,,
35.7,0.1211,-1.50E-04,,,,,,,,,,,,,,,,,
35.75,0.1208,-1.50E-04,,,,,,,,,,,,,,,,,
35.8,0.1204,-1.50E-04,,,,,,,,,,,,,,,,,
35.85,0.1201,-1.50E-04,,,,,,,,,,,,,,,,,
35.9,0.1198,-1.50E-04,,,,,,,,,,,,,,,,,
35.95,0.1195,-1.50E-04,,,,,,,,,,,,,,,,,
36,0.1192,-1.50E-04,,,,,,,,,,,,,,,,,
36.05,0.1189,-1.50E-04,,,,,,,,,,,,,,,,,
36.1,0.1186,-1.50E-04,,,,,,,,,,,,,,,,,
36.15,0.1183,-1.50E-04,,,,,,,,,,,,,,,,,
36.2,0.118,-1.50E-04,,,,,,,,,,,,,,,,,
36.25,0.1177,-1.50E-04,,,,,,,,,,,,,,,,,
36.3,0.1174,-1.50E-04,,,,,,,,,,,,,,,,,
36.35,0.1171,-1.50E-04,,,,,,,,,,,,,,,,,
36.4,0.1168,-7.50E-05,,,,,,,,,,,,,,,,,
36.45,0.1165,-7.50E-05,,,,,,,,,,,,,,,,,
36.5,0.1162,-7.50E-05,,,,,,,,,,,,,,,,,
36.55,0.1159,-7.50E-05,,,,,,,,,,,,,,,,,
36.6,0.1156,-7.50E-05,,,,,,,,,,,,,,,,,
36.65,0.1153,-7.50E-05,,,,,,,,,,,,,,,,,
36.7,0.115,-7.50E-05,,,,,,,,,,,,,,,,,
36.75,0.1147,-7.50E-05,,,,,,,,,,,,,,,,,
36.8,0.1144,-7.50E-05,,,,,,,,,,,,,,,,,
36.85,0.1141,-7.50E-05,,,,,,,,,,,,,,,,,
36.9,0.1138,-7.50E-05,,,,,,,,,,,,,,,,,
36.95,0.1135,-7.50E-05,,,,,,,,,,,,,,,,,
37,0.1132,-7.50E-05,,,,,,,,,,,,,,,,,
37.05,0.1129,-7.50E-05,,,,,,,,,,,,,,,,,
37.1,0.1126,-7.50E-05,,,,,,,,,,,,,,,,,
37.15,0.1124,-7.50E-05,,,,,,,,,,,,,,,,,
37.2,0.1121,-7.50E-05,,,,,,,,,,,,,,,,,
37.25,0.1119,-7.50E-05,,,,,,,,,,,,,,,,,
37.3,0.1116,-7.50E-05,,,,,,,,,,,,,,,,,
37.35,0.1114,-7.50E-05,,,,,,,,,,,,,,,,,
37.4,0.1111,-7.50E-05,,,,,,,,,,,,,,,,,
37.45,0.1108,-7.50E-05,,,,,,,,,,,,,,,,,
37.5,0.1106,-7.50E-05,,,,,,,,,,,,,,,,,
37.55,0.1103,-7.50E-05,,,,,,,,,,,,,,,,,
37.6,0.1102,-7.50E-05,,,,,,,,,,,,,,,,,
37.65,0.1099,-7.50E-05,,,,,,,,,,,,,,,,,
37.7,0.1096,-7.50E-05,,,,,,,,,,,,,,,,,
37.75,0.1094,-7.50E-05,,,,,,,,,,,,,,,,,
37.8,0.1092,-7.50E-05,,,,,,,,,,,,,,,,,
37.85,0.109,-7.50E-05,,,,,,,,,,,,,,,,,
37.9,0.1088,-7.50E-05,,,,,,,,,,,,,,,,,
